0,0,0
0.0001,0,0
0.0002,0,0
0.0003,0,0
0.0004,0,0
0.0005,0,0
0.0006,0,0
0.0007,0,0
0.0008,0,0
0.0009,0,0
0.001,0,0
0.0011,0,0
0.0012,0,0
0.0013,0,0
0.0014,0,0
0.0015,0,0
0.0016,0,0
0.0017,0,0
0.0018,0,0
0.0019,0,0
0.002,0,0
0.0021,0,0
0.0022,0,0
0.0023,0,0
0.0024,0,0
0.0025,0,0
0.0026,0,0
0.0027,0,0
0.0028,0,0
0.0029,0,0
0.003,0,0
0.0031,0,0
0.0032,0,0
0.0033,0,0
0.0034,0,0
0.0035,0,0
0.0036,0,0
0.0037,0,0
0.0038,0,0
0.0039,0,0
0.004,0,0
0.0041,0,0
0.0042,0,0
0.0043,0,0
0.0044,0,0
0.0045,0,0
0.0046,0,0
0.0047,0,0
0.0048,0,0
0.0049,0,0
0.005,0,0
0.0051,0,0
0.0052,0,0
0.0053,0,0
0.0054,0,0
0.0055,0,0
0.0056,0,0
0.0057,0,0
0.0058,0,0
0.0059,0,0
0.006,0,0
0.0061,0,0
0.0062,0,0
0.0063,0,0
0.0064,0,0
0.0065,0,0
0.0066,0,0
0.0067,0,0
0.0068,0,0
0.0069,0,0
0.007,0,0
0.0071,0,0
0.0072,0,0
0.0073,0,0
0.0074,0,0
0.0075,0,0
0.0076,0,0
0.0077,0,0
0.0078,0,0
0.0079,0,0
0.008,0,0
0.0081,0,0
0.0082,0,0
0.0083,0,0
0.0084,0,0
0.0085,0,0
0.0086,0,0
0.0087,0,0
0.0088,0,0
0.0089,0,0
0.009,0,0
0.0091,0,0
0.0092,0,0
0.0093,0,0
0.0094,0,0
0.0095,0,0
0.0096,0,0
0.0097,0,0
0.0098,0,0
0.0099,0,0
0.01,0,0
0.0101,0.0108730219190961,0.0231545185186792
0.0102,0.019536669469988,0.091045649413503
0.0103,0.026395084447511,0.194487610877156
0.0104,0.0317793908238054,0.32597683129617
0.0105,0.035960866694089,0.479387974419334
0.0106,0.0391617405546665,0.649724800624995
0.0107,0.0415640403735578,0.832915974127257
0.0108,0.0433168466399766,1.02564770968815
0.0109,0.044542237241358,1.2252266144293
0.011,0.0453401601022201,1.42946727868189
0.0111,0.0457924269676534,1.63660015203391
0.0112,0.0459659868370297,1.84519604580705
0.0113,0.0459156089665295,2.05410426307156
0.0114,0.0456860819278442,2.26240189817282
0.0115,0.0453140160050672,2.4693522910614
0.0116,0.0448293204701794,2.67437098508304
0.0117,0.0442564143749833,2.87699783471553
0.0118,0.043615218921794,3.07687415385486
0.0119,0.0429219708069893,3.27372399534185
0.012,0.0421898888266458,3.46733881642214
0.0121,0.0414297202100065,3.65756491925618
0.0122,0.0406501883733186,3.84429316577526
0.0123,0.039858359874244,4.02745055648822
0.0124,0.0390599451403053,4.20699333686423
0.0125,0.03825954491644,4.38290135558799
0.0126,0.0374608522223804,4.5551734487121
0.0127,0.0366668178447705,4.72382366449126
0.0128,0.0358797859415917,4.88887817709162
0.0129,0.0351016051501606,5.05037276475131
0.013,0.0343337196176129,5.20835075041297
0.0131,0.0335772435758014,5.36286132124525
0.0132,0.0328330224292885,5.51395815854871
0.0133,0.0321016827896859,5.66169832190046
0.0134,0.031383673450729,5.80614134152178
0.0135,0.0306792989387608,5.94734848115575
0.0136,0.0299887469784628,6.08538214054715
0.0137,0.0293121109720104,6.22030537219477
0.0138,0.0286494083917506,6.3521814916182
0.0139,0.0280005958241485,6.48107376412805
0.014,0.0273655812696775,6.60704515416013
0.0141,0.0267442341942565,6.73015812575129
0.0142,0.0261363937384372,6.85047448479769
0.0143,0.0255418754172703,6.96805525542764
0.0144,0.0249604765837176,7.08296058420677
0.0145,0.024391980879251,7.19524966702952
0.0146,0.0238361618549291,7.30498069448179
0.0147,0.0232927859131729,7.41221081222267
0.0148,0.0227616146933524,7.51699609355848
0.0149,0.0222424070020803,7.61939152189502
0.015,0.0217349203708992,7.71945098117363
0.0151,0.0212389123091212,7.81722725274122
0.0152,0.0207541413073462,7.91277201738619
0.0153,0.0202803676371602,8.00613586150352
0.0154,0.0198173539842924,8.09736828654158
0.0155,0.019364865945779,8.18651772103836
0.0156,0.0189226724161575,8.27363153468213
0.0157,0.0184905458831926,8.35875605393555
0.0158,0.0180682626499243,8.44193657884754
0.0159,0.0176556029967928,8.52321740074726
0.016,0.0172523512950996,8.60264182057171
0.0161,0.0168582960810269,8.6802521676252
0.0162,0.0164732300977607,8.7560898186075
0.0163,0.0160969503118957,8.83019521677879
0.0164,0.0157292579091727,8.90260789115518
0.0165,0.0153699582736811,8.97336647564957
0.0166,0.0150188609539046,9.04250872809005
0.0167,0.0146757796183679,9.11007154906165
0.0168,0.0143405320031386,9.17609100052908
0.0169,0.014012939853021,9.24060232420739
0.017,0.0136928288579406,9.30363995965492
0.0171,0.0133800285857391,9.36523756206931
0.0172,0.01307437241237,9.42542801977249
0.0173,0.0127756974503012,9.4842434713743
0.0174,0.0124838444757765,9.54171532260823
0.0175,0.012198657855462,9.59787426283506
0.0176,0.0119199854729023,9.65275028121247
0.0177,0.0116476786551286,9.70637268253071
0.0178,0.011381592099689,9.75877010271525
0.0179,0.0111215838023188,9.8099705239992
0.018,0.0108675149854211,9.86000128976835
0.0181,0.0106192500274906,9.90888911908316
0.0182,0.0103766563935851,9.95666012088201
0.0183,0.0101396045669203,10.0033398078706
0.0184,0.00990796798164801,10.0489531101031
0.0185,0.00968162295685832,10.0935243882598
0.0186,0.00946044863183431,10.1370774466276
0.0187,0.0092443269025763,10.1796355457889
0.0188,0.00903314235960478,10.2212214150243
0.0189,0.00882678222704365,10.2618572644354
0.019,0.00862513630297978,10.3015647967932
0.0191,0.00842809690109062,10.3403652191182
0.0192,0.00823555879352789,10.3782792539973
0.0193,0.0080474191550426,10.4153271506443
0.0194,0.00786357750833452,10.4515286957083
0.0195,0.00768393567060755,10.4869032238365
0.0196,0.00750839770131093,10.5214696279967
0.0197,0.00733686985104584,10.5552463695637
0.0198,0.0071692605116156,10.5882514881774
0.0199,0.00700548016719777,10.6205026113743
0.02,0.00684544134661594,10.652016964001
0.0201,0.00668905857668898,10.682811377412
0.0202,0.00653624833663531,10.7129022984576
0.0203,0.00638692901351022,10.7423057982672
0.0204,0.00624102085865405,10.7710375808317
0.0205,0.00609844594512944,10.7991129913902
0.0206,0.00595912812612623,10.8265470246248
0.0207,0.00582299299431256,10.853354332669
0.0208,0.00568996784211143,10.8795492329328
0.0209,0.0055599816228821,10.9051457157487
0.021,0.00543296491298615,10.9301574518439
0.0211,0.00530884987471833,10.9545977996413
0.0212,0.00518757022008277,10.9784798123939
0.0213,0.00506906117539565,11.001816245156
0.0214,0.00495325944669539,11.0246195615959
0.0215,0.00484010318594232,11.046901940652
0.0216,0.0047295319579899,11.0686752830376
0.0217,0.00462148670830981,11.0899512175965
0.0218,0.00451590973145404,11.1107411075143
0.0219,0.00441274464023701,11.1310560563868
0.022,0.00431193633562151,11.1509069141505
0.0221,0.00421343097729227,11.1703042828772
0.0222,0.00411717595490156,11.1892585224367
0.0223,0.00402311985997164,11.2077797560294
0.0224,0.00393121245843881,11.2258778755934
0.0225,0.00384140466382467,11.2435625470872
0.0226,0.00375364851102015,11.2608432156525
0.0227,0.00366789713066841,11.2777291106586
0.0228,0.0035841047241328,11.2942292506317
0.0229,0.00350222653903675,11.3103524480714
0.023,0.00342221884536232,11.3261073141575
0.0231,0.00334403891209473,11.3415022633491
0.0232,0.0032676449844005,11.3565455178786
0.0233,0.00319299626132686,11.371245112143
0.0234,0.0031200528740106,11.3856088969952
0.0235,0.00304877586438473,11.3996445439368
0.0236,0.00297912716437158,11.4133595492154
0.0237,0.00291106957555121,11.4267612378282
0.0238,0.00284456674929428,11.4398567674345
0.0239,0.00277958316734879,11.452653132178
0.024,0.00271608412287026,11.4651571664225
0.0241,0.00265403570188533,11.4773755484024
0.0242,0.0025934047651788,11.4893148037888
0.0243,0.0025341589305944,11.5009813091752
0.0244,0.00247626655573998,11.5123812954831
0.0245,0.00241969672108771,11.5235208512896
0.0246,0.00236441921346042,11.5344059260798
0.0247,0.00231040450989515,11.5450423334235
0.0248,0.00225762376187534,11.5554357540809
0.0249,0.00220604877992325,11.5655917390363
0.025,0.00215565201854433,11.5755157124627
0.0251,0.00210640656151556,11.5852129746191
0.0252,0.00205828610750987,11.5946887046809
0.0253,0.00201126495604895,11.6039479635064
0.0254,0.00196531799377697,11.6129956963394
0.0255,0.00192042068104791,11.6218367354507
0.0256,0.00187654903881926,11.6304758027187
0.0257,0.00183367963584511,11.6389175121515
0.0258,0.00179178957616188,11.6471663723509
0.0259,0.00175085648685988,11.6552267889208
0.026,0.00171085850613427,11.6631030668196
0.0261,0.00167177427160891,11.6707994126601
0.0262,0.00163358290892709,11.6783199369556
0.0263,0.00159626402060273,11.6856686563156
0.0264,0.00155979767512645,11.6928494955909
0.0265,0.00152416439632035,11.6998662899698
0.0266,0.00148934515293608,11.7067227870265
0.0267,0.00145532134849054,11.7134226487227
0.0268,0.00142207481133368,11.7199694533631
0.0269,0.00138958778494333,11.7263666975068
0.027,0.00135784291844166,11.7326177978347
0.0271,0.00132682325732833,11.7387260929742
0.0272,0.00129651223442529,11.7446948452824
0.0273,0.0012668936610285,11.7505272425887
0.0274,0.00123795171826177,11.7562263998968
0.0275,0.00120967094862809,11.761795361049
0.0276,0.00118203624775402,11.7672371003515
0.0277,0.00115503285632263,11.772554524163
0.0278,0.00112864635219074,11.7777504724472
0.0279,0.00110286264268628,11.7828277202891
0.028,0.00107766795708158,11.7877889793776
0.0281,0.00105304883923859,11.7926368994535
0.0282,0.00102899214042214,11.7973740697248
0.0283,0.00100548501227743,11.8020030202496
0.0284,0.00098251489996783,11.8065262232872
0.0285,0.000960069535469557,11.8109460946188
0.0286,0.000938136931019476,11.8152649948372
0.0287,0.000916705372712607,11.8194852306083
0.0288,0.000895763414245884,11.8236090559024
0.0289,0.000875299870804835,11.8276386731984
0.029,0.000855303813089935,11.8315762346599
0.0291,0.000835764561479402,11.8354238432848
0.0292,0.000816671680325374,11.8391835540284
0.0293,0.000798014972380363,11.8428573749011
0.0294,0.00077978447335104,11.8464472680403
0.0295,0.000761970446576452,11.849955150759
0.0296,0.000744563377827794,11.8533828965697
0.0297,0.000727553970226995,11.8567323361846
0.0298,0.000710933139281382,11.8600052584937
0.0299,0.000694692008031774,11.8632034115203
0.03,0.000678821902311421,11.8663285033542
0.0301,0.00066331434611325,11.8693822030643
0.0302,0.000648161057062942,11.8723661415901
0.0303,0.000633353941995433,11.8752819126124
0.0304,0.000618885092632464,11.8781310734048
0.0305,0.000604746781358875,11.8809151456652
0.0306,0.000590931457095393,11.8836356163287
0.0307,0.000577431741265701,11.8862939383615
0.0308,0.000564240423855646,11.8888915315371
0.0309,0.000551350459562467,11.8914297831948
0.031,0.00053875496403199,11.89391004898
0.0311,0.000526447210181795,11.8963336535689
0.0312,0.000514420624608367,11.8987018913757
0.0313,0.000502668784076339,11.9010160272439
0.0314,0.000491185412087918,11.9032772971219
0.0315,0.000479964375530703,11.9054869087232
0.0316,0.000468999681402068,11.907646042171
0.0317,0.000458285473608385,11.9097558506293
0.0318,0.000447816029837363,11.9118174609179
0.0319,0.000437585758501838,11.9138319741147
0.032,0.000427589195753377,11.9158004661439
0.0321,0.000417821002564123,11.91772398835
0.0322,0.000408275961875282,11.9196035680602
0.0323,0.000398948975810771,11.9214402091324
0.0324,0.000389835062954509,11.9232348924914
0.0325,0.000380929355689911,11.9249885766531
0.0326,0.000372227097600152,11.9267021982365
0.0327,0.000363723640927847,11.9283766724634
0.0328,0.000355414444092733,11.9300128936476
0.0329,0.000347295069266077,11.9316117356726
0.033,0.000339361180000495,11.9331740524581
0.0331,0.000331608538913909,11.9347006784162
0.0332,0.00032403300542642,11.936192428897
0.0333,0.000316630533548889,11.9376501006241
0.0334,0.000309397169722022,11.9390744721201
0.0335,0.000302329050704826,11.9404663041224
0.0336,0.000295422401511305,11.9418263399895
0.0337,0.0002886735333943,11.943155306098
0.0338,0.000282078841875372,11.9444539122306
0.0339,0.000275634804819702,11.945722851955
0.034,0.000269337980554964,11.9469628029948
0.0341,0.000263185006033176,11.9481744275908
0.0342,0.000257172595034542,11.9493583728552
0.0343,0.000251297536412326,11.9505152711171
0.0344,0.000245556692377825,11.95164574026
0.0345,0.000239946996824517,11.9527503840521
0.0346,0.000234465453690497,11.9538297924686
0.0347,0.000229109135358319,11.9548845420068
0.0348,0.000223875181091399,11.955915195994
0.0349,0.000218760795506125,11.9569223048886
0.035,0.000213763247078891,11.9579064065735
0.0351,0.000208879866687226,11.9588680266441
0.0352,0.000204108046184248,11.9598076786886
0.0353,0.000199445237005692,11.9607258645623
0.0354,0.000194888948808754,11.9616230746558
0.0355,0.000190436748142032,11.9624997881568
0.0356,0.000186086257145859,11.9633564733059
0.0357,0.00018183515228231,11.964193587647
0.0358,0.000177681163094246,11.9650115782716
0.0359,0.000173622070992678,11.9658108820571
0.036,0.000169655708071864,11.966591925901
0.0361,0.000165779955951448,11.9673551269479
0.0362,0.000161992744645072,11.9681008928134
0.0363,0.000158292051454815,11.9688296218006
0.0364,0.000154675899890903,11.9695417031138
0.0365,0.000151142358616094,11.970237517066
0.0366,0.000147689540414174,11.9709174352818
0.0367,0.000144315601182017,11.9715818208964
0.0368,0.000141018738944688,11.972231028749
0.0369,0.000137797192893018,11.9728654055727
0.037,0.000134649242443187,11.9734852901795
0.0371,0.000131573206317783,11.9740910136413
0.0372,0.000128567441647852,11.9746828994667
0.0373,0.000125630343095467,11.975261263774
0.0374,0.000122760341996339,11.9758264154596
0.0375,0.000119955905522015,11.9763786563633
0.0376,0.000117215535861212,11.9769182814294
0.0377,0.000114537769419858,11.9774455788644
0.0378,0.00011192117603941,11.9779608302905
0.0379,0.000109364358233024,11.9784643108967
0.038,0.000106865950439169,11.9789562895849
0.0381,0.000104424618292308,11.9794370291143
0.0382,0.000102039057910231,11.9799067862414
0.0383,9.97079951976629E-05,11.9803658118569
0.0384,9.74301851657945E-05,11.9808143511203
0.0385,9.52044112673474E-05,11.9812526435902
0.0386,9.30294847468321E-05,11.9816809233527
0.0387,9.09042440056486E-05,11.9820994191461
0.0388,8.88275539816959E-05,11.9825083544834
0.0389,8.67983055431493E-05,11.9829079477713
0.039,8.48154148960843E-05,11.9832984124272
0.0391,8.28778230056451E-05,11.9836799569929
0.0392,8.09844950304217E-05,11.9840527852461
0.0393,7.91344197697575E-05,11.9844170963093
0.0394,7.73266091236812E-05,11.9847730847562
0.0395,7.55600975651771E-05,11.9851209407153
0.0396,7.38339416245087E-05,11.9854608499717
0.0397,7.21472193853236E-05,11.9857929940663
0.0398,7.04990299922752E-05,11.9861175503927
0.0399,6.88884931698802E-05,11.9864346922921
0.04,6.73147487523807E-05,11.9867445891457
0.0401,6.5776956224341E-05,11.987047406465
0.0402,6.42742942717401E-05,11.9873433059807
0.0403,6.28059603433197E-05,11.9876324457287
0.0404,6.13711702219503E-05,11.9879149801346
0.0405,5.99691576057923E-05,11.9881910600962
0.0406,5.85991736990221E-05,11.988460833064
0.0407,5.72604868119177E-05,11.9887244431201
0.0408,5.59523819700646E-05,11.988982031055
0.0409,5.4674160532503E-05,11.9892337344429
0.041,5.34251398185912E-05,11.9894796877152
0.0411,5.22046527433954E-05,11.9897200222322
0.0412,5.10120474614105E-05,11.9899548663531
0.0413,4.98466870184172E-05,11.9901843455052
0.0414,4.87079490112939E-05,11.99040858225
0.0415,4.75952252555982E-05,11.9906276963494
0.0416,4.65079214607445E-05,11.9908418048292
0.0417,4.54454569126006E-05,11.9910510220419
0.0418,4.4407264163339E-05,11.9912554597274
0.0419,4.33927887283646E-05,11.9914552270732
0.042,4.24014887901817E-05,11.9916504307723
0.0421,4.14328349090101E-05,11.9918411750804
0.0422,4.04863097400175E-05,11.9920275618713
0.0423,3.95614077570198E-05,11.9922096906916
0.0424,3.86576349824775E-05,11.992387658814
0.0425,3.77745087236768E-05,11.9925615612888
0.0426,3.69115573149246E-05,11.9927314909949
0.0427,3.60683198656386E-05,11.9928975386894
0.0428,3.52443460141953E-05,11.9930597930562
0.0429,3.44391956873975E-05,11.9932183407531
0.043,3.36524388654321E-05,11.9933732664582
0.0431,3.28836553522085E-05,11.9935246529154
0.0432,3.21324345509345E-05,11.9936725809779
0.0433,3.13983752448229E-05,11.9938171296522
0.0434,3.06810853828074E-05,11.9939583761398
0.0435,2.99801818701515E-05,11.9940963958784
0.0436,2.92952903638482E-05,11.9942312625826
0.0437,2.86260450726813E-05,11.9943630482828
0.0438,2.797208856187E-05,11.9944918233639
0.0439,2.73330715621568E-05,11.994617656603
0.044,2.67086527832741E-05,11.9947406152059
0.0441,2.60984987316682E-05,11.994860764843
0.0442,2.55022835323784E-05,11.9949781696848
0.0443,2.49196887549945E-05,11.9950928924354
0.0444,2.43504032435908E-05,11.9952049943668
0.0445,2.37941229505364E-05,11.9953145353511
0.0446,2.32505507741129E-05,11.9954215738926
0.0447,2.27193963998332E-05,11.9955261671591
0.0448,2.22003761453863E-05,11.9956283710126
0.0449,2.1693212809135E-05,11.9957282400385
0.045,2.11976355220566E-05,11.9958258275758
0.0451,2.07133796030753E-05,11.9959211857444
0.0452,2.02401864177083E-05,11.996014365474
0.0453,1.97778032399289E-05,11.9961054165305
0.0454,1.93259831171867E-05,11.9961943875431
0.0455,1.88844847385146E-05,11.99628132603
0.0456,1.84530723056506E-05,11.9963662784238
0.0457,1.8031515407093E-05,11.9964492900965
0.0458,1.76195888950514E-05,11.9965304053834
0.0459,1.72170727651933E-05,11.9966096676072
0.046,1.68237520391432E-05,11.9966871191006
0.0461,1.64394166496637E-05,11.9967628012295
0.0462,1.60638613284617E-05,11.9968367544147
0.0463,1.56968854965621E-05,11.9969090181536
0.0464,1.5338293157177E-05,11.9969796310412
0.0465,1.49878927910273E-05,11.9970486307909
0.0466,1.46454972540547E-05,11.9971160542546
0.0467,1.43109236774732E-05,11.9971819374422
0.0468,1.3983993370098E-05,11.9972463155409
0.0469,1.36645317229089E-05,11.9973092229344
0.047,1.33523681157948E-05,11.9973706932205
0.0471,1.30473358264293E-05,11.9974307592297
0.0472,1.2749271941225E-05,11.9974894530425
0.0473,1.2458017268325E-05,11.9975468060064
0.0474,1.21734162525803E-05,11.9976028487528
0.0475,1.18953168924687E-05,11.9976576112134
0.0476,1.16235706589145E-05,11.9977111226361
0.0477,1.13580324159614E-05,11.9977634116006
0.0478,1.10985603432522E-05,11.9978145060337
0.0479,1.08450158602915E-05,11.9978644332243
0.048,1.059726355243E-05,11.9979132198378
0.0481,1.03551710985363E-05,11.9979608919305
0.0482,1.0118609200333E-05,11.9980074749633
0.0483,9.88745151333678E-06,11.9980529938158
0.0484,9.66157457937573E-06,11.9980974727987
0.0485,9.44085776066022E-06,11.9981409356678
0.0486,9.22518317534671E-06,11.998183405636
0.0487,9.01443563458035E-06,11.998224905386
0.0488,8.80850258097287E-06,11.998265457082
0.0489,8.60727402848813E-06,11.9983050823824
0.049,8.41064250370028E-06,11.9983438024504
0.0491,8.21850298839397E-06,11.9983816379659
0.0492,8.03075286347397E-06,11.9984186091362
0.0493,7.84729185415959E-06,11.9984547357073
0.0494,7.6680219764231E-06,11.9984900369737
0.0495,7.49284748467009E-06,11.9985245317896
0.0496,7.32167482059413E-06,11.9985582385779
0.0497,7.15441256320506E-06,11.9985911753412
0.0498,6.99097138001296E-06,11.9986233596703
0.0499,6.8312639793125E-06,11.9986548087547
0.05,6.67520506355988E-06,11.9986855393908
0.0501,-0.0217395211269085,11.952406530954
0.0502,-0.0390669652387808,11.8166536117673
0.0503,-0.0527839407998085,11.6097983611168
0.0504,-0.0635526958320381,11.3468479375429
0.0505,-0.0719157866018953,11.0400530285117
0.0506,-0.0783176701762426,10.6994061278883
0.0507,-0.0831224025636774,10.3330499215322
0.0508,-0.0866281448135269,9.94761199388074
0.0509,-0.0890790527699414,9.5484791443331
0.051,-0.0906750223496544,9.14002220555764
0.0511,-0.0915796771089976,8.72578029140462
0.0512,-0.0919269151113547,8.30861179195932
0.0513,-0.0918262749322492,7.89081811351906
0.0514,-0.0913673337767844,7.47424507954681
0.0515,-0.0906233122734568,7.06036602201753
0.0516,-0.0896540290251607,6.65034986584446
0.0517,-0.0885083221930868,6.24511691341168
0.0518,-0.0872260342381361,5.84538454800781
0.0519,-0.0858396386080488,5.45170467477871
0.052,-0.0843755729487072,5.06449438981316
0.0521,-0.0828553317710987,4.68406109912871
0.0522,-0.0812963619590195,4.310623088965
0.0523,-0.0797127966779235,3.94432636817583
0.0524,-0.078116056831841,3.58525845546876
0.0525,-0.0765153439585126,3.23345966289997
0.0526,-0.0749180441441749,2.88893232757456
0.0527,-0.0733300590078203,2.55164836198293
0.0528,-0.0717560769100708,2.22155542658706
0.0529,-0.0701997951691991,1.89858197350403
0.053,-0.0686641021221194,1.58264136524558
0.0531,-0.0671512262742054,1.2736352356796
0.0532,-0.0656628584752985,0.971456230222761
0.0533,-0.0642002519884083,0.675990237555431
0.0534,-0.0627643044398832,0.387118204890645
0.0535,-0.061355624920398,0.104717612222963
0.0536,-0.0599745889164374,-0.171336332627324
0.0537,-0.0586213832686256,-0.441169727514988
0.0538,-0.0572960429571012,-0.704909196499525
0.0539,-0.0559984811894293,-0.962681263381947
0.054,-0.0547285140004004,-1.2146118503695
0.0541,-0.0534858803549228,-1.46082587902371
0.0542,-0.0522702585664153,-1.70144695477351
0.0543,-0.0510812796965561,-1.93659711965751
0.0544,-0.0499185384821242,-2.16639666073098
0.0545,-0.0487816022362138,-2.39096396384566
0.0546,-0.0476700180904043,-2.61041540437182
0.0547,-0.0465833188783263,-2.82486526795862
0.0548,-0.0455210279068507,-3.03442569567925
0.0549,-0.0444826628166917,-3.23920664893235
0.055,-0.0434677386977949,-3.43931589031132
0.0551,-0.042475770595031,-3.63485897734152
0.0552,-0.0415062755152475,-3.8259392665494
0.0553,-0.0405587740266775,-4.0126579257899
0.0554,-0.0396327915252682,-4.19511395313749
0.0555,-0.0387278592290214,-4.37340420095607
0.0556,-0.0378435149503951,-4.54762340401773
0.0557,-0.0369793036877668,-4.7178642107485
0.0558,-0.0361347780695434,-4.88421721684976
0.0559,-0.0353094986784217,-5.04677100068379
0.056,-0.0345030342783229,-5.20561215992667
0.0561,-0.0337149619624423,-5.36082534908503
0.0562,-0.0329448672375075,-5.51249331755013
0.0563,-0.0321923440565979,-5.66069694792561
0.0564,-0.0314569948106308,-5.80551529441642
0.0565,-0.0307384302867773,-5.94702562110857
0.0566,-0.0300362696005624,-6.08530344000386
0.0567,-0.0293501401071697,-6.22042254870142
0.0568,-0.0286796772964538,-6.35245506764141
0.0569,-0.0280245246753386,-6.48147147684431
0.057,-0.0273843336405945,-6.60754065209505
0.0571,-0.0267587633444376,-6.73072990053336
0.0572,-0.0261474805549299,-6.85110499562182
0.0573,-0.0255501595127938,-6.9687302114716
0.0574,-0.024966481785942,-7.08366835651213
0.0575,-0.0243961361227798,-7.19598080649681
0.0576,-0.0238388183051254,-7.30572753684069
0.0577,-0.0232942310014334,-7.41296715429015
0.0578,-0.0227620836208634,-7.51775692792684
0.0579,-0.0222420921686281,-7.62015281951086
0.058,-0.021733979102962,-7.72020951316956
0.0581,-0.0212374731939763,-7.81798044444002
0.0582,-0.0207523093846081,-7.91351782867417
0.0583,-0.0202782286538176,-8.00687268881636
0.0584,-0.0198149778821511,-8.09809488256399
0.0585,-0.0193623097197518,-8.18723312892194
0.0586,-0.0189199824568754,-8.27433503416225
0.0587,-0.0184877598969451,-8.35944711720036
0.0588,-0.0180654112321637,-8.44261483439958
0.0589,-0.0176527109216855,-8.52388260381538
0.059,-0.0172494385723418,-8.60329382889115
0.0591,-0.0168553788219016,-8.68089092161701
0.0592,-0.0164703212248444,-8.75671532516315
0.0593,-0.0160940601406158,-8.83080753599896
0.0594,-0.015726394624332,-8.90320712550938
0.0595,-0.0153671283198952,-8.97395276111927
0.0596,-0.0150160693554815,-9.04308222693693
0.0597,-0.0146730302413591,-9.11063244392725
0.0598,-0.014337827769993,-9.17663948962513
0.0599,-0.0140102829183946,-9.24113861739948
0.06,-0.0136902207526696,-9.30416427527778
0.0601,-0.0133774703347209,-9.36575012434124
0.0602,-0.0130718646310618,-9.42592905670026
0.0603,-0.0127732404236946,-9.48473321305954
0.0604,-0.0124814382230118,-9.54219399988235
0.0605,-0.0121963021826741,-9.59834210616286
0.0606,-0.0119176800164244,-9.65320751981566
0.0607,-0.0116454229167941,-9.70681954369088
0.0608,-0.0113793854756598,-9.75920681122374
0.0609,-0.0111194256066103,-9.81039730172662
0.061,-0.0108654044690818,-9.86041835533196
0.0611,-0.0106171863942236,-9.90929668759377
0.0612,-0.0103746388124539,-9.95705840375576
0.0613,-0.0101376321826685,-10.0037290126935
0.0614,-0.00990603992306476,-10.049333440538
0.0615,-0.00967973834354388,-10.0938960439885
0.0616,-0.00945860657965674,-10.1374406233207
0.0617,-0.00924252652805716,-10.1799904350981
0.0618,-0.00903138278342912,-10.2215682045927
0.0619,-0.00882506257685404,-10.2621961379226
0.062,-0.00862345571558542,-10.3018959339116
0.0621,-0.00842645452419897,-10.3406887956782
0.0622,-0.00823395378708659,-10.3785954419599
0.0623,-0.00804585069226386,-10.4156361181789
0.0624,-0.00786204477646093,-10.4518306072547
0.0625,-0.00768243787146757,-10.4871982401698
0.0626,-0.00750693405170378,-10.5217579062942
0.0627,-0.00733543958298802,-10.555528063474
0.0628,-0.00716786287247567,-10.5885267478895
0.0629,-0.00700411441974104,-10.6207715836878
0.063,-0.00684410676897682,-10.6522797923959
0.0631,-0.00668775446228551,-10.6830682021181
0.0632,-0.00653497399403775,-10.7131532565243
0.0633,-0.00638568376627336,-10.7425510236317
0.0634,-0.00623980404512114,-10.7712772043867
0.0635,-0.00609725691821429,-10.7993471410508
0.0636,-0.0059579662530786,-10.8267758253942
0.0637,-0.00582185765647119,-10.8535779067033
0.0638,-0.00568885843464822,-10.8797676996042
0.0639,-0.00555889755454022,-10.9053591917081
0.064,-0.00543190560581432,-10.9303660510821
0.0641,-0.00530781476380323,-10.9548016335486
0.0642,-0.00518655875328102,-10.9786789898192
0.0643,-0.00506807281306646,-11.0020108724642
0.0644,-0.00495229366143498,-11.0248097427239
0.0645,-0.0048391594623208,-11.0470877771642
0.0646,-0.00472860979229113,-11.0688568741794
0.0647,-0.00462058560827486,-11.0901286603474
0.0648,-0.00451502921602848,-11.1109144966391
0.0649,-0.00441188423932235,-11.1312254844864
0.065,-0.00431109558983099,-11.1510724717108
0.0651,-0.0042126094377111,-11.1704660583176
0.0652,-0.0041163731828518,-11.189416602157
0.0653,-0.00402233542678167,-11.207934224456
0.0654,-0.00393044594521749,-11.2260288152243
0.0655,-0.00384065566124012,-11.2437100385361
0.0656,-0.00375291661908326,-11.2609873376915
0.0657,-0.00366718195852087,-11.2778699402606
0.0658,-0.00358340588983977,-11.2943668630111
0.0659,-0.00350154366938401,-11.3104869167245
0.066,-0.00342155157565787,-11.3262387109019
0.0661,-0.00334338688597482,-11.3416306583615
0.0662,-0.00326700785363989,-11.3566709797327
0.0663,-0.00319237368565338,-11.3713677078462
0.0664,-0.00311944452092381,-11.3857286920239
0.0665,-0.00304818140897871,-11.3997616022716
0.0666,-0.00297854628916169,-11.4134739333755
0.0667,-0.00291050197030473,-11.4268730089046
0.0668,-0.00284401211086495,-11.4399659851224
0.0669,-0.002779041199515,-11.4527598548091
0.067,-0.00271555453617705,-11.4652614509959
0.0671,-0.00265351821348984,-11.4774774506149
0.0672,-0.00259289909869931,-11.4894143780649
0.0673,-0.00253366481596281,-11.5010786086962
0.0674,-0.00247578372905758,-11.5124763722153
0.0675,-0.00241922492448434,-11.5236137560122
0.0676,-0.00236395819495676,-11.5344967084118
0.0677,-0.00230995402326815,-11.5451310418506
0.0678,-0.00225718356652678,-11.5555224359811
0.0679,-0.00220561864075124,-11.5656764407051
0.068,-0.00215523170581777,-11.5755984791382
0.0681,-0.00210599585075145,-11.5852938505058
0.0682,-0.00205788477935344,-11.5947677329735
0.0683,-0.00201087279615649,-11.6040251864128
0.0684,-0.0019649347927014,-11.6130711551034
0.0685,-0.0019200462341269,-11.6219104703737
0.0686,-0.00187618314606592,-11.6305478531815
0.0687,-0.00183332210184119,-11.6389879166353
0.0688,-0.00179144020995343,-11.6472351684578
0.0689,-0.00175051510185524,-11.6552940133938
0.069,-0.00171052492000439,-11.6631687555625
0.0691,-0.00167144830619005,-11.6708636007562
0.0692,-0.00163326439012558,-11.678382658687
0.0693,-0.00159595277830207,-11.685729945181
0.0694,-0.00155949354309638,-11.6929093843239
0.0695,-0.00152386721212811,-11.6999248105562
0.0696,-0.00148905475785968,-11.7067799707214
0.0697,-0.00145503758743392,-11.713478526067
0.0698,-0.00142179753274395,-11.7200240542002
0.0699,-0.00138931684072978,-11.7264200509982
0.07,-0.00135757816389669,-11.7326699324758
0.0701,-0.00132656455105015,-11.7387770366094
0.0702,-0.00129625943824241,-11.7447446251201
0.0703,-0.00126664663992593,-11.7505758852155
0.0704,-0.00123771034030891,-11.7562739312922
0.0705,-0.00120943508490827,-11.7618418065988
0.0706,-0.00118180577229565,-11.7672824848616
0.0707,-0.0011548076460319,-11.7725988718727
0.0708,-0.00112842628678591,-11.7777938070419
0.0709,-0.00110264760463344,-11.7828700649133
0.071,-0.00107745783153182,-11.787830356647
0.0711,-0.00105284351396672,-11.7926773314671
0.0712,-0.00102879150576674,-11.7974135780768
0.0713,-0.00100528896108226,-11.8020416260409
0.0714,-0.000982323327524613,-11.8065639471366
0.0715,-0.000959882339462068,-11.810982956674
0.0716,-0.000937954011468884,-11.8153010147859
0.0717,-0.000916526631924079,-11.8195204276882
0.0718,-0.000895588756756401,-11.8236434489117
0.0719,-0.000875129203332214,-11.827672280506
0.072,-0.000855137044483003,-11.831609074215
0.0721,-0.000835601602669321,-11.8354559326266
0.0722,-0.000816512444278065,-11.8392149102954
0.0723,-0.000797859374050022,-11.8428880148401
0.0724,-0.000779632429634722,-11.8464772080157
0.0725,-0.000761821876269679,-11.8499844067615
0.0726,-0.00074441820158119,-11.8534114842244
0.0727,-0.000727412110503909,-11.8567602707598
0.0728,-0.000710794520316471,-11.860032554909
0.0729,-0.000694556555790541,-11.8632300843541
0.073,-0.00067868954445067,-11.8663545668522
0.0731,-0.00066318501194245,-11.8694076711467
0.0732,-0.000648034677506476,-11.8723910278591
0.0733,-0.000633230449555703,-11.8753062303594
0.0734,-0.000618764421353838,-11.8781548356175
0.0735,-0.000604628866792465,-11.8809383650347
0.0736,-0.000590816236264637,-11.8836583052561
0.0737,-0.000577319152632727,-11.8863161089647
0.0738,-0.000564130407288401,-11.8889131956572
0.0739,-0.000551242956302603,-11.8914509524022
0.074,-0.000538649916663483,-11.8939307345809
0.0741,-0.000526344562600275,-11.8963538666112
0.0742,-0.000514320321991161,-11.898721642655
0.0743,-0.000502570772853186,-11.901035327309
0.0744,-0.000491089639912361,-11.9032961562807
0.0745,-0.000479870791252132,-11.9055053370481
0.0746,-0.000468908235038398,-11.9076640495044
0.0747,-0.000458196116319361,-11.9097734465886
0.0748,-0.000447728713898475,-11.9118346549009
0.0749,-0.00043750043727883,-11.9138487753045
0.075,-0.000427505823677347,-11.9158168835137
0.0751,-0.000417739535107181,-11.9177400306682
0.0752,-0.00040819635552677,-11.9196192438947
0.0753,-0.000398871188054026,-11.9214555268554
0.0754,-0.000389759052244152,-11.9232498602839
0.0755,-0.000380855081429656,-11.9250032025093
0.0756,-0.000372154520121135,-11.9267164899678
0.0757,-0.000363652721467424,-11.9283906377028
0.0758,-0.000355345144773788,-11.9300265398538
0.0759,-0.00034722735307679,-11.9316250701338
0.076,-0.00033929501077457,-11.9331870822961
0.0761,-0.000331543881311263,-11.9347134105901
0.0762,-0.000323969824914311,-11.9362048702068
0.0763,-0.000316568796383468,-11.9376622577146
0.0764,-0.000309336842930308,-11.9390863514842
0.0765,-0.000302270102067103,-11.9404779121047
0.0766,-0.000295364799543911,-11.9418376827897
0.0767,-0.000288617247332809,-11.9431663897741
0.0768,-0.000282023841658164,-11.9444647427022
0.0769,-0.000275581061071909,-11.9457334350066
0.077,-0.000269285464572783,-11.9469731442786
0.0771,-0.000263133689768535,-11.9481845326299
0.0772,-0.00025712245108012,-11.9493682470467
0.0773,-0.000251248537986923,-11.9505249197346
0.0774,-0.000245508813312051,-11.9516551684567
0.0775,-0.000239900211546819,-11.9527595968634
0.0776,-0.0002344197372135,-11.953838794815
0.0777,-0.000229064463265475,-11.9548933386963
0.0778,-0.000223831529523949,-11.9559237917249
0.0779,-0.000218718141150364,-11.9569307042516
0.078,-0.000213721567153712,-11.9579146140546
0.0781,-0.000208839138931948,-11.9588760466269
0.0782,-0.000204068248846733,-11.9598155154565
0.0783,-0.000199406348830725,-11.9607335223007
0.0784,-0.000194850949026691,-11.9616305574547
0.0785,-0.00019039961645771,-11.9625071000125
0.0786,-0.000186049973727751,-11.9633636181237
0.0787,-0.000181799697751939,-11.9642005692428
0.0788,-0.000177646518515828,-11.9650184003741
0.0789,-0.000173588217863016,-11.9658175483101
0.079,-0.000169622628310462,-11.9665984398646
0.0791,-0.000165747631890856,-11.9673614921014
0.0792,-0.000161961159021446,-11.9681071125561
0.0793,-0.000158261187398704,-11.9688356994545
0.0794,-0.000154645740918236,-11.9695476419248
0.0795,-0.000151112888619374,-11.970243320206
0.0796,-0.000147660743653877,-11.9709231058502
0.0797,-0.000144287462278188,-11.9715873619218
0.0798,-0.000140991242868718,-11.9722364431907
0.0799,-0.000137770324959629,-11.9728706963225
0.08,-0.000134622988302581,-11.9734904600631
0.0801,-0.00013154755194798,-11.9740960654199
0.0802,-0.000128542373347203,-11.9746878358385
0.0803,-0.000125605847475336,-11.9752660873753
0.0804,-0.000122736405973951,-11.9758311288666
0.0805,-0.000119932516313467,-11.9763832620934
0.0806,-0.000117192680974646,-11.9769227819425
0.0807,-0.000114515436648791,-11.9774499765641
0.0808,-0.000111899353456214,-11.9779651275257
0.0809,-0.000109343034182553,-11.9784685099623
0.081,-0.000106845113532539,-11.9789603927237
0.0811,-0.000104404257400816,-11.9794410385177
0.0812,-0.000102019162159403,-11.9799107040507
0.0813,-9.9688553961453E-05,-11.9803696401647
0.0814,-9.74111880609019E-05,-11.9808180919711
0.0815,-9.51858481476769E-05,-11.981256298982
0.0816,-9.30113456980724E-05,-11.9816844952377
0.0817,-9.08865193399836E-05,-11.9821029094321
0.0818,-8.88102342326219E-05,-11.9825117650345
0.0819,-8.67813814604225E-05,-11.982911280409
0.082,-8.47988774407829E-05,-11.9833016689314
0.0821,-8.28616633453371E-05,-11.9836831391029
0.0822,-8.09687045344521E-05,-11.9840558946614
0.0823,-7.91189900046387E-05,-11.9844201346907
0.0824,-7.73115318485879E-05,-11.9847760537263
0.0825,-7.55453647275423E-05,-11.9851238418598
0.0826,-7.38195453557257E-05,-11.9854636848401
0.0827,-7.21331519965451E-05,-11.9857957641727
0.0828,-7.04852839702962E-05,-11.9861202572166
0.0829,-6.88750611731371E-05,-11.9864373372791
0.083,-6.73016236070257E-05,-11.9867471737084
0.0831,-6.5764130920413E-05,-11.9870499319839
0.0832,-6.42617619594198E-05,-11.9873457738046
0.0833,-6.27937143292704E-05,-11.9876348571757
0.0834,-6.13592039657451E-05,-11.9879173364926
0.0835,-5.9957464716417E-05,-11.9881933626236
0.0836,-5.85877479314637E-05,-11.9884630829906
0.0837,-5.72493220638261E-05,-11.9887266416476
0.0838,-5.59414722785009E-05,-11.9889841793575
0.0839,-5.46635000707497E-05,-11.9892358336679
0.084,-5.34147228930409E-05,-11.9894817389838
0.0841,-5.21944737905102E-05,-11.9897220266399
0.0842,-5.10021010447511E-05,-11.9899568249706
0.0843,-4.98369678257403E-05,-11.9901862593784
0.0844,-4.86984518517103E-05,-11.9904104524012
0.0845,-4.75859450568025E-05,-11.9906295237773
0.0846,-4.64988532663075E-05,-11.9908435905099
0.0847,-4.54365958793219E-05,-11.991052766929
0.0848,-4.43986055586588E-05,-11.9912571647529
0.0849,-4.33843279278403E-05,-11.9914568931478
0.085,-4.23932212750161E-05,-11.9916520587857
0.0851,-4.1424756263638E-05,-11.9918427659021
0.0852,-4.0478415649748E-05,-11.9920291163509
0.0853,-3.95536940057292E-05,-11.9922112096595
0.0854,-3.86500974503575E-05,-11.9923891430814
0.0855,-3.77671433850347E-05,-11.9925630116484
0.0856,-3.69043602360331E-05,-11.9927329082213
0.0857,-3.60612872026356E-05,-11.9928989235395
0.0858,-3.52374740110294E-05,-11.9930611462697
0.0859,-3.44324806738239E-05,-11.9932196630527
0.086,-3.36458772550503E-05,-11.9933745585502
0.0861,-3.28772436405535E-05,-11.9935259154897
0.0862,-3.21261693136037E-05,-11.9936738147089
0.0863,-3.13922531356404E-05,-11.9938183351989
0.0864,-3.06751031320374E-05,-11.993959554146
0.0865,-2.99743362827573E-05,-11.9940975469733
0.0866,-2.92895783177831E-05,-11.9942323873809
0.0867,-2.8620463517221E-05,-11.9943641473853
0.0868,-2.796663451598E-05,-11.9944928973577
0.0869,-2.73277421129027E-05,-11.9946187060616
0.087,-2.67034450842673E-05,-11.9947416406898
0.0871,-2.60934100015446E-05,-11.9948617668999
0.0872,-2.54973110533156E-05,-11.9949791488499
0.0873,-2.49148298712608E-05,-11.9950938492317
0.0874,-2.43456553601236E-05,-11.9952059293053
0.0875,-2.37894835315561E-05,-11.9953154489311
0.0876,-2.32460173417704E-05,-11.995422466602
0.0877,-2.27149665328853E-05,-11.9955270394748
0.0878,-2.2196047477904E-05,-11.9956292234003
0.0879,-2.16889830292348E-05,-11.9957290729536
0.088,-2.11935023706701E-05,-11.9958266414631
0.0881,-2.07093408727447E-05,-11.9959219810386
0.0882,-2.02362399514053E-05,-11.9960151425999
0.0883,-1.97739469298989E-05,-11.9961061759031
0.0884,-1.93222149038261E-05,-11.996195129568
0.0885,-1.8880802609271E-05,-11.9962820511034
0.0886,-1.84494742939487E-05,-11.9963669869331
0.0887,-1.8027999591286E-05,-11.99644998242
0.0888,-1.76161533973907E-05,-11.9965310818909
0.0889,-1.72137157508246E-05,-11.99661032866
0.089,-1.6820471715128E-05,-11.9966877650518
0.0891,-1.64362112640226E-05,-11.9967634324241
0.0892,-1.60607291692407E-05,-11.9968373711898
0.0893,-1.56938248909187E-05,-11.9969096208385
0.0894,-1.53353024704837E-05,-11.9969802199579
0.0895,-1.49849704259984E-05,-11.9970492062539
0.0896,-1.46426416498956E-05,-11.9971166165713
0.0897,-1.43081333090423E-05,-11.9971824869128
0.0898,-1.39812667470972E-05,-11.9972468524591
0.0899,-1.36618673890842E-05,-11.9973097475867
0.09,-1.3349764648164E-05,-11.9973712058873
0.0901,-1.30447918345147E-05,-11.9974312601847
0.0902,-1.27467860663136E-05,-11.9974899425533
0.0903,-1.24555881827449E-05,-11.9975472843343
0.0904,-1.2171042658993E-05,-11.9976033161534
0.0905,-1.18929975231747E-05,-11.9976580679364
0.0906,-1.16213042751712E-05,-11.9977115689253
0.0907,-1.13558178073233E-05,-11.9977638476944
0.0908,-1.10963963269267E-05,-11.9978149321651
0.0909,-1.08429012805077E-05,-11.9978648496208
0.091,-1.059519727982E-05,-11.9979136267218
0.0911,-1.03531520295316E-05,-11.9979612895193
0.0912,-1.01166362565751E-05,-11.9980078634693
0.0913,-9.88552364110026E-06,-11.9980533734464
0.0914,-9.65969074901216E-06,-11.9980978437567
0.0915,-9.43901696604192E-06,-11.9981412981514
0.0916,-9.22338443333052E-06,-11.9981837598387
0.0917,-9.0126779844808E-06,-11.9982252514969
0.0918,-8.80678508405415E-06,-11.9982657952862
0.0919,-8.60559576745819E-06,-11.9983054128604
0.092,-8.4090025822214E-06,-11.9983441253786
0.0921,-8.21690053060811E-06,-11.9983819535169
0.0922,-8.02918701353155E-06,-11.9984189174785
0.0923,-7.84576177575664E-06,-11.9984550370056
0.0924,-7.66652685236642E-06,-11.9984903313889
0.0925,-7.49138651643355E-06,-11.9985248194789
0.0926,-7.32024722789155E-06,-11.998558519695
0.0927,-7.15301758358129E-06,-11.9985914500362
0.0928,-6.98960826842969E-06,-11.99862362809
0.0929,-6.82993200775107E-06,-11.9986550710424
0.093,-6.67390352063185E-06,-11.9986857956866
0.0931,-6.52143947438225E-06,-11.9987158184321
0.0932,-6.37245844003508E-06,-11.9987451553138
0.0933,-6.22688084885076E-06,-11.998773822
0.0934,-6.08462894982529E-06,-11.9988018338013
0.0935,-5.94562676815733E-06,-11.9988292056784
0.0936,-5.80980006467746E-06,-11.9988559522502
0.0937,-5.67707629619355E-06,-11.9988820878017
0.0938,-5.54738457675134E-06,-11.9989076262915
0.0939,-5.42065563977266E-06,-11.9989325813594
0.094,-5.29682180106099E-06,-11.9989569663336
0.0941,-5.17581692264903E-06,-11.9989807942377
0.0942,-5.05757637748039E-06,-11.9990040777979
0.0943,-4.94203701489318E-06,-11.9990268294497
0.0944,-4.82913712688989E-06,-11.9990490613443
0.0945,-4.7188164151803E-06,-11.9990707853555
0.0946,-4.61101595897836E-06,-11.9990920130859
0.0947,-4.50567818353014E-06,-11.9991127558729
0.0948,-4.40274682936411E-06,-11.9991330247948
0.0949,-4.30216692224767E-06,-11.9991528306772
0.095,-4.2038847438244E-06,-11.9991721840979
0.0951,-4.10784780292351E-06,-11.9991910953934
0.0952,-4.01400480752065E-06,-11.9992095746641
0.0953,-3.92230563735231E-06,-11.9992276317793
0.0954,-3.83270131714303E-06,-11.9992452763832
0.0955,-3.74514399044719E-06,-11.9992625178995
0.0956,-3.65958689409032E-06,-11.9992793655367
0.0957,-3.57598433319558E-06,-11.9992958282929
0.0958,-3.4942916567727E-06,-11.9993119149605
0.0959,-3.41446523387765E-06,-11.9993276341313
0.096,-3.33646243030748E-06,-11.9993429942006
0.0961,-3.26024158582945E-06,-11.9993580033721
0.0962,-3.18576199192924E-06,-11.999372669662
0.0963,-3.11298387007218E-06,-11.9993870009033
0.0964,-3.04186835045533E-06,-11.9994010047501
0.0965,-2.9723774512498E-06,-11.9994146886817
0.0966,-2.90447405831335E-06,-11.9994280600066
0.0967,-2.83812190536599E-06,-11.9994411258661
0.0968,-2.77328555462779E-06,-11.9994538932385
0.0969,-2.70993037789102E-06,-11.9994663689427
0.097,-2.64802253801852E-06,-11.9994785596419
0.0971,-2.58752897087723E-06,-11.9994904718469
0.0972,-2.52841736768025E-06,-11.9995021119199
0.0973,-2.47065615772661E-06,-11.9995134860776
0.0974,-2.41421449153782E-06,-11.9995246003949
0.0975,-2.35906222439146E-06,-11.9995354608077
0.0976,-2.30516990021334E-06,-11.9995460731165
0.0977,-2.25250873584548E-06,-11.9995564429891
0.0978,-2.20105060567994E-06,-11.999566575964
0.0979,-2.15076802663324E-06,-11.999576477453
0.098,-2.10163414346417E-06,-11.9995861527443
0.0981,-2.0536227144344E-06,-11.9995956070055
0.0982,-2.00670809729337E-06,-11.999604845286
0.0983,-1.96086523558341E-06,-11.9996138725196
0.0984,-1.91606964525994E-06,-11.9996226935279
0.0985,-1.87229740160893E-06,-11.9996313130219
0.0986,-1.82952512647111E-06,-11.9996397356052
0.0987,-1.78772997575683E-06,-11.9996479657762
0.0988,-1.74688962724551E-06,-11.9996560079306
0.0989,-1.70698226866469E-06,-11.9996638663634
0.099,-1.66798658604114E-06,-11.9996715452719
0.0991,-1.62988175231098E-06,-11.9996790487572
0.0992,-1.5926474162014E-06,-11.9996863808268
0.0993,-1.55626369135993E-06,-11.9996935453967
0.0994,-1.5207111457338E-06,-11.9997005462933
0.0995,-1.48597079119474E-06,-11.9997073872558
0.0996,-1.45202407339459E-06,-11.9997140719379
0.0997,-1.41885286185376E-06,-11.9997206039096
0.0998,-1.38643944028081E-06,-11.9997269866597
0.0999,-1.35476649710958E-06,-11.9997332235972
0.1,-1.32381711625191E-06,-11.9997393180529
